Image,exx,eyy,exy,E1,E2,von_mises
frame_0012.jpg,0.00013817762359373377,0.00021789056644134775,0.00013247032558542316,0.002084028883770892,-0.0017279606937358105,0.003568008455245301
frame_0013.jpg,-1.7877525706921915e-06,0.0005379250845052041,0.00028174805110003475,0.002008998891920977,-0.0014728615599864648,0.0032776655587580016
frame_0014.jpg,2.602503157405067e-05,0.000261907033135671,0.0002608168469442784,0.0019114460404928257,-0.0016235139757831045,0.0033124435126366046
frame_0015.jpg,-0.00032439808457475296,0.0002885388974619829,0.00025846736417981295,0.0018538082586593268,-0.0018896674457720966,0.0034925122372523524
frame_0016.jpg,0.0004943899289973785,4.364242412883357e-05,8.195736774152529e-05,0.0024831648030774825,-0.00194513244995127,0.004278216782708454
frame_0017.jpg,0.000486428489268107,0.0002909463872428475,0.00018603862991604104,0.002350003290179358,-0.0015726284136684035,0.003683079490383034
frame_0018.jpg,0.0003036958868773354,0.00034776929790410806,0.00036928106628279165,0.0024413180895131886,-0.0017898529047317457,0.004000105212753006
frame_0019.jpg,0.0008393267528561666,0.0001492362352111698,0.00045752422220409985,0.003003056711973064,-0.002014493723905728,0.004745174276468188
frame_0020.jpg,0.0007120180284810118,1.5812495843938734e-05,0.00016527697608406555,0.0025158948701725836,-0.001788064345847633,0.00405351995126008
frame_0021.jpg,0.0007428301462121567,0.00044500681627859253,0.0002894466999060974,0.002876651324994987,-0.0016888143625042385,0.0042904876991648865
frame_0022.jpg,0.0006238593367211109,0.0006538864646468312,0.0002799937958256393,0.0034443031501121095,-0.002166557348744167,0.005375574398335517
frame_0023.jpg,0.0012224107510927951,0.0004460953321706995,0.0007441829387072385,0.003761526969452078,-0.0020930208861885827,0.005520487239533252
frame_0024.jpg,0.0010831858661189387,0.000576211340011028,0.0009047757452849847,0.003760349669808186,-0.0021009524636782196,0.0054923957865613314
frame_0025.jpg,0.0007808596713490346,0.0008757772404318231,0.0011336106721968164,0.00361389159171961,-0.0019572546799387523,0.005199845149600676
frame_0026.jpg,0.0011479525169110615,0.0007408158950622834,0.0008699424374994181,0.0038699477240522694,-0.0019811793120789243,0.0054307195703397915
frame_0027.jpg,0.0011734472546634578,0.0004865932391376759,0.0012449329191873382,0.004070137694014424,-0.00241009720021329,0.005977872920490936
frame_0028.jpg,0.0010464954631775214,0.0006968163889806789,0.0011186136154707604,0.004079229365556646,-0.0023359175133984456,0.005972463360568513
frame_0029.jpg,0.0007153837254072926,0.0010884004260417158,0.0013243971783437304,0.004242775755521466,-0.002438991604072459,0.006176976498711145
frame_0030.jpg,0.0010380770957701202,0.0006288685219534073,0.0012505831084405105,0.004485564789638896,-0.0028186191719153674,0.0067680126126019756
frame_0031.jpg,0.0011483088683543485,0.0009344788536222736,0.0008169131338630997,0.0044044163587183835,-0.002321628636741761,0.006269510037882984
frame_0032.jpg,0.001128743933456491,0.0008693710210030403,0.0010376404388786752,0.004219849993633507,-0.002221735039173976,0.005967901241679733
frame_0033.jpg,0.0008714862327249051,0.0008923001091355687,0.001093288138369992,0.004007315554994491,-0.002243529213134017,0.005815987028776267
frame_0034.jpg,0.0006710803308035196,0.0006733521801783837,0.0009380662384404558,0.0038135430874711544,-0.0024691105764892514,0.005861001610273081
frame_0035.jpg,0.0008384870717038239,0.0004286791159771042,0.0009303357092763687,0.004211463801465158,-0.0029442976137842285,0.00665839682637125
frame_0036.jpg,0.0006338664254433013,0.000400893878108235,0.0007370102822988045,0.0037490603725725997,-0.0027143000690210634,0.005991419163059163
frame_0037.jpg,0.0005243766223511414,0.0005025013244511101,0.00032444769244103,0.0037953832906735276,-0.0027685053438712757,0.006088827970187472
frame_0038.jpg,0.000698090521172361,0.0009003824246320136,0.0005300844210997191,0.004013648196319069,-0.0024151752505146952,0.005949628920305072
frame_0039.jpg,0.0007123377380879248,0.000833405544367487,0.0006903393901256116,0.004002245676434074,-0.002456502393978662,0.005993186820995316
frame_0040.jpg,0.00030080353575549166,0.0006974605597721962,0.0005407745312623024,0.00373695931852642,-0.0027386952229987325,0.006053904742136277
frame_0041.jpg,0.0006042207975479385,0.0010442608548365583,0.000695236647117401,0.00421789358939786,-0.002569411937013363,0.006310389103397425
frame_0042.jpg,0.0003583269281637058,0.0007516348756202973,0.00042033362698323806,0.0037514610982182454,-0.002641499294434242,0.006053420062619974
frame_0043.jpg,0.0002307344982890669,0.0011278650476749875,0.0004382678349255453,0.003948380368986672,-0.002589780823022618,0.0061516548235172695
frame_0044.jpg,7.45355884018295e-05,0.001420269945039152,0.0007270952212300319,0.0043522462179166384,-0.0028574406844756573,0.006769064041508172
frame_0045.jpg,3.0342766208519834e-05,0.0015571029538692116,0.0007296933938023998,0.004384818861933248,-0.002797373141855517,0.006798496459364326
frame_0046.jpg,-0.0004983636953785009,0.001681810710645877,0.0007599844237437914,0.004245840427898149,-0.003062393412630772,0.006789813261839279
frame_0047.jpg,-0.0002238583048495002,0.0019430693247770492,0.0009734479328424416,0.004766491673470717,-0.003047280653543169,0.007309918179175371
frame_0048.jpg,-0.0008144189292800519,0.002704321176172009,0.0008509673966341235,0.004882508445832173,-0.002992606198940216,0.007321745583624913
frame_0049.jpg,-0.0010202900697085227,0.0028860782886705395,0.0006095877481280354,0.00531653254352574,-0.0034507443245637226,0.008086058723880322
frame_0050.jpg,-0.0009763562359429301,0.0036198769889076486,0.0005739602075884864,0.006011039444996754,-0.003367518692032035,0.008717423121204769
frame_0051.jpg,-0.0010410111962242752,0.004459084928309807,0.0006671683835783337,0.006849296182846112,-0.003431222450760581,0.009573143474519881
frame_0052.jpg,-0.0017438463596091936,0.005065368330401796,0.0008324446244010542,0.00709816270865111,-0.0037766407378585064,0.01003978049838388
frame_0053.jpg,-0.0028658958398219882,0.005537358306241274,0.0010751126224471453,0.007803333994767419,-0.005131871528348133,0.011931066742688196
frame_0054.jpg,-0.003440233065964122,0.006306325749236237,0.0014028518190655603,0.008140776503628905,-0.00527468382035679,0.012197522425472214
frame_0055.jpg,-0.004015993398039796,0.0076217415395609224,0.0016049400089714983,0.009474227518088345,-0.0058684793765672195,0.013941091040196125
frame_0056.jpg,-0.0042881477309813934,0.007852253727257192,0.001550902640019647,0.009759807804586438,-0.006195701808310639,0.014555378753833377
frame_0057.jpg,-0.005051923153874895,0.008448059761302246,0.0012172693272858837,0.010032690953457874,-0.006636554346030523,0.015138203452382632
frame_0058.jpg,-0.005074595817705898,0.009413819726694719,0.001096881496710873,0.01090035856392761,-0.006561134654938793,0.01603870347919742
frame_0059.jpg,-0.005763338435552541,0.010286316087540506,0.0016646843558324775,0.011857019059353562,-0.0073340414073656,0.017366397889104938
frame_0060.jpg,-0.006274955513746221,0.010823241982964084,0.001269962945774612,0.012309464734525545,-0.007761178265307684,0.018069567284504866
frame_0061.jpg,-0.006672604703057772,0.011424405803685431,0.0013258129922430406,0.012874850129622924,-0.008123049028995263,0.018834502310057403
frame_0062.jpg,-0.007422222567210994,0.012668612663935833,0.0016412469722294355,0.013969755535624682,-0.008723365438899842,0.020224472859018607
frame_0063.jpg,-0.007553821690151849,0.013078017251310107,0.0011129257897199007,0.014416220588697647,-0.008892025027539387,0.020808788073892456
frame_0064.jpg,-0.008095033308799272,0.013531858697246405,0.00144104612880529,0.014899598852550626,-0.009462773464103494,0.021641554441168883
frame_0065.jpg,-0.008487422535918866,0.014300616743171943,0.0015155203061607025,0.015474325014652795,-0.009661130807399717,0.02246429556616546
frame_0066.jpg,-0.00962670890875593,0.014521723394437771,0.0015363576675810542,0.015916123077253454,-0.011021108591571613,0.023888468966365997
frame_0067.jpg,-0.009687550344854046,0.015772606525511712,0.0016448428053529795,0.016822295208233168,-0.0107372390275755,0.02442725125430156
frame_0068.jpg,-0.009959802744620064,0.01646013343143167,0.0015511140295402547,0.017613887195995014,-0.011113556509183404,0.025498923964086432
frame_0069.jpg,-0.01053455103209231,0.01692329863442815,0.0014114985743605857,0.018009339320338658,-0.011620591718002815,0.02626292665113553
frame_0070.jpg,-0.010571106471080966,0.01746642803163283,0.0015628521546294837,0.018456032803258672,-0.011560711242706807,0.026636922031246985
frame_0071.jpg,-0.011294566923793497,0.01837817999306953,0.0015046087851286582,0.019408461223428205,-0.012324848154152175,0.028039042412428293
frame_0072.jpg,-0.01174062530177686,0.019060055416225373,0.0017765369544213616,0.020090517309445416,-0.012771087194996906,0.02904090199931616
frame_0073.jpg,-0.012456506802207059,0.019325120776675284,0.001409318063235041,0.020337789916128488,-0.013469175941660258,0.02979007410391493
frame_0074.jpg,-0.013121987156028681,0.0200006379558193,0.0015364912762615645,0.021047616329761237,-0.014168965529970618,0.03109161793882852
frame_0075.jpg,-0.013408045600423791,0.020933065519989497,0.0018025462389087289,0.021994087347827023,-0.014469067428261312,0.032125999598131456
frame_0076.jpg,-0.013980204440792718,0.02157514551786786,0.0015610645533519118,0.02259732752266235,-0.01500238644558721,0.033157863793608015
frame_0077.jpg,-0.014285228638045594,0.02208604938106724,0.0016108353582098634,0.022968129009427695,-0.015167308266406053,0.033587626893483546
frame_0078.jpg,-0.014727888206666222,0.022862761553920558,0.001984527055380214,0.02379170527303993,-0.015656831925785594,0.03469321695641488
frame_0079.jpg,-0.015095934666688252,0.023113115733828984,0.0017511989145900131,0.02398775446631023,-0.015970573399169498,0.03510623762310531
frame_0080.jpg,-0.015648856153780883,0.02419790541896681,0.0015865541079197953,0.025149145884313974,-0.01660009661912805,0.03673846002162395
frame_0081.jpg,-0.015875038109941498,0.02410953822238195,0.0020455556499114013,0.02517413163747465,-0.0169396315250342,0.037034167454322746
frame_0082.jpg,-0.01670649130294855,0.02506090436656784,0.001905780596621307,0.025965050795653623,-0.017610637732034334,0.03827504576871646
frame_0083.jpg,-0.016720396488643558,0.02630463120923576,0.002059796719443989,0.02720137500429703,-0.017617140283704834,0.03937903599549163
frame_0084.jpg,-0.016951076320965656,0.026584337841518,0.001974030201238728,0.027548328019002456,-0.017915066498450115,0.039934400921347
frame_0085.jpg,-0.018713120852409802,0.026705791605146557,0.0021666052814592173,0.0275923789930411,-0.01959970824030434,0.0414429214909683
frame_0086.jpg,-0.018512957843284925,0.027529237368263928,0.0019039837089383927,0.02848502438356169,-0.01946874485858269,0.04206875016135632
frame_0087.jpg,-0.01892884671930517,0.028023397722004476,0.002070092806080197,0.028970592059189438,-0.01987604105649013,0.042821675281962145
frame_0088.jpg,-0.01935662692490524,0.028652931484064795,0.001972846354380682,0.02952659965285715,-0.020230295093697594,0.04362049907213716
frame_0089.jpg,-0.019748055476399174,0.02939596252382344,0.001981100085434546,0.030254126939681866,-0.020606219892257596,0.04461722025341039
frame_0090.jpg,-0.020434367655733324,0.029928111321082865,0.0021759582910106266,0.030836937873731762,-0.021343194208382217,0.045758342725575156
frame_0091.jpg,-0.020651303610936225,0.03043851317633891,0.0024290256197246497,0.03152541326920849,-0.021738203703805806,0.04670299975591661
frame_0092.jpg,-0.02116246937301483,0.03101215852386904,0.002103394215254255,0.03188470345126342,-0.022035014300409213,0.04731127958375732
frame_0093.jpg,-0.02136800638928726,0.031891894577203136,0.0022936239252148026,0.0327989345102504,-0.02227504632233452,0.048353307119137365
frame_0094.jpg,-0.021765441218975567,0.03207249126482012,0.00234574364701432,0.033005869798489934,-0.022698819752645386,0.04887374595430215
frame_0095.jpg,-0.02240533099747445,0.03287602211760756,0.0023142624237276,0.03381727480186517,-0.023346583681732057,0.050153481378126176
frame_0096.jpg,-0.022856983069498894,0.033288843615582625,0.002181899162391243,0.03420568046874852,-0.02377381992266478,0.05089363022104805
frame_0097.jpg,-0.02314913174557482,0.03361100311855839,0.002225389613404802,0.034622123083945945,-0.024160251710962376,0.05169428577672738
frame_0098.jpg,-0.02422438584799721,0.03460649673865625,0.0025035406368627998,0.03551429140324852,-0.025132180512589485,0.05330315262758111
frame_0099.jpg,-0.023998413990457764,0.03477528014875628,0.0023962526916752134,0.03575869394943927,-0.024981827791140762,0.05351948845008162
frame_0100.jpg,-0.025368715388537594,0.03533646959610977,0.0026436335881296815,0.03639263218953474,-0.02642487798196257,0.05538645823486297
frame_0101.jpg,-0.02597902290671172,0.03591410084228688,0.002119214280755104,0.03690038099219761,-0.026965303056622453,0.05626173093805103
frame_0102.jpg,-0.02636141452025683,0.03694612460987191,0.0025669653904018563,0.03799231391107815,-0.027407603821463074,0.057771245323659334
frame_0103.jpg,-0.02671996551938733,0.0370069424251804,0.0025458380637423694,0.03798931967610191,-0.027702342770308842,0.05817068673487108
frame_0104.jpg,-0.02740522242054709,0.037184268781079444,0.002899069697329679,0.03842141556825256,-0.028642369207720196,0.059292758001159775
frame_0105.jpg,-0.027574208417719674,0.03818444981487154,0.0025456072976483223,0.03928194633451521,-0.028671704937363342,0.06027257496664592
frame_0106.jpg,-0.028301475593115626,0.03883816127176669,0.0029752059931063266,0.04010288455639362,-0.02956619887774256,0.06164171994688281
frame_0107.jpg,-0.028567296978182454,0.039351884454158714,0.002935185038192607,0.040667077850641595,-0.029882490374665345,0.06248017935633463
frame_0108.jpg,-0.028747802908373712,0.04027375161477416,0.003005520655837097,0.04162749252177894,-0.030101543815378506,0.0635918481090238
frame_0109.jpg,-0.029179867140569585,0.04105768037100017,0.0026342166393750065,0.0423672566387724,-0.030489443408341824,0.06458376774352251
frame_0110.jpg,-0.02957214097423929,0.04115097153974439,0.002730616231174139,0.04261898680354102,-0.03104015623803592,0.06531693190790257
frame_0111.jpg,-0.029894527297595487,0.04132265580579432,0.0027241163875635177,0.04302402172654546,-0.031595893218346625,0.06615390037291446
frame_0112.jpg,-0.030808971164104547,0.042266542354933205,0.002897115060541804,0.044019849081515884,-0.03256227789068722,0.06781005277885449
frame_0113.jpg,-0.030758041686554095,0.042722134118338105,0.00276178404199781,0.044386559903094584,-0.03242246747131057,0.06810329586961839
frame_0114.jpg,-0.03145228618999177,0.04351858882672374,0.003006265334683116,0.045187203529749496,-0.03312090089301753,0.06935645196228223
frame_0115.jpg,-0.03190774025942808,0.04350392469007371,0.0028486760446804916,0.04541057916140193,-0.03381439473075632,0.07011984098537044
frame_0116.jpg,-0.03247449049533195,0.04446638833930205,0.003194785372825102,0.04648208805412717,-0.03449019021015708,0.0716570774207118
frame_0117.jpg,-0.03314231789156843,0.04471265408664895,0.003239516219740164,0.04687479132678022,-0.0353044551316997,0.07271872304873962
frame_0118.jpg,-0.033636329314075224,0.04575389206793076,0.003005935493779468,0.04799459733673542,-0.03587703458287988,0.0742159304065852
frame_0119.jpg,-0.03370204093570081,0.0464706253735541,0.0027935664325964725,0.048723339159879864,-0.03595475472202657,0.07492801844688911
frame_0120.jpg,-0.03385777675292886,0.04705840554128397,0.003233577026593837,0.049476565238504765,-0.036275936450149635,0.07595646429511937
frame_0121.jpg,-0.03454930629460776,0.0475097164271455,0.003342304003470833,0.04996626567008651,-0.03700585553754877,0.07697928899640884
frame_0122.jpg,-0.034796451858507,0.04813163046612448,0.0031007491721044378,0.050492952365432886,-0.0371577737578154,0.07758094326026602
frame_0123.jpg,-0.03503480680155228,0.048799564608803296,0.002947321233083775,0.051198401116481745,-0.03743364330923073,0.07847988261059538
frame_0124.jpg,-0.03564907712608324,0.04926701231907313,0.0032787185896332362,0.05190645366763686,-0.03828851847464698,0.07983968149284426
frame_0125.jpg,-0.036211735767445956,0.050416657794684384,0.0033858313714806255,0.052747599549440596,-0.038542677522202175,0.08083483854730954
frame_0126.jpg,-0.03646564265708029,0.050010575623724414,0.003108780239042055,0.052661842580837816,-0.039116909614193694,0.081224207222068
frame_0127.jpg,-0.03774715202676035,0.051210321713566674,0.0031272229076012613,0.053565674131125555,-0.04010250444431923,0.08288518264804351
frame_0128.jpg,-0.037431105007491895,0.05209878644299525,0.003243508973053606,0.054475796162294345,-0.03980811472679097,0.08346781600953447
frame_0129.jpg,-0.03790228531214318,0.05251949086131638,0.003017965429723386,0.054915949910745304,-0.040298744361572096,0.08426680715294055
frame_0130.jpg,-0.038910847481250385,0.053258217147255316,0.0030811581787550946,0.055892191566100875,-0.041544821900095945,0.08621310385663124
frame_0131.jpg,-0.038892807768018824,0.05394920499361838,0.0031217628314902423,0.05640940880481235,-0.0413530115792128,0.0865128136101433
frame_0132.jpg,-0.03933256585875064,0.05451059355370578,0.0032202206868492934,0.05704003571856587,-0.041862008023610724,0.08753274310578683
frame_0133.jpg,-0.04010320253259998,0.055218963434003426,0.003199647280221267,0.05767253350425722,-0.04255677260285377,0.0887031110525058
frame_0134.jpg,-0.04069198497198528,0.056464894423228565,0.003394107634011547,0.05860909266478217,-0.04283618321353888,0.08984182633077055
frame_0135.jpg,-0.04121411486730096,0.0568811971944243,0.0036962068346562305,0.05922941830652343,-0.043562335979400096,0.09096945309124876
frame_0136.jpg,-0.04148803279460843,0.057261582248806384,0.0037684709648488648,0.059714574299024256,-0.0439410248448263,0.09170572101760356
frame_0137.jpg,-0.04201410549219439,0.05764276024146401,0.0030976511136259787,0.05999381487078072,-0.044365160121511094,0.09239923841180372
frame_0138.jpg,-0.042480987673319606,0.05874499920724936,0.0032434177796820587,0.06096722060938665,-0.044703209075456884,0.09351567305674034
frame_0139.jpg,-0.04294017132216496,0.05935077599283836,0.0035804366409294187,0.061414778547294914,-0.045004173876621506,0.09415698529436364
frame_0140.jpg,-0.043387663429482685,0.060178726081701515,0.003482146928822489,0.06247285870150693,-0.0456817960492881,0.09567496704152599
frame_0141.jpg,-0.04408392798277234,0.0608120682178999,0.0035653778290335846,0.06304479444367454,-0.04631665420854698,0.09677009390410692
frame_0142.jpg,-0.044297814598872234,0.06144286938935945,0.0034560695432490364,0.06366709269324104,-0.04652203790275382,0.0973794323782392
frame_0143.jpg,-0.044827135238318834,0.0621975801073658,0.0035920219874024896,0.06441430062971386,-0.047043855760666886,0.0986310309365155
frame_0144.jpg,-0.0454541553976253,0.06252113563691104,0.003631998664254663,0.06462872370182221,-0.04756174346253648,0.09913898178814115
frame_0145.jpg,-0.04642114395216808,0.06337323759827587,0.003588350934688167,0.06546110848598921,-0.048509014839881424,0.10071608105669952
frame_0146.jpg,-0.046662631755941535,0.06443768326647437,0.0033844467316425765,0.06651088604496902,-0.04873583453443619,0.10179517046723664
frame_0147.jpg,-0.04678046871348748,0.06490349979234075,0.0033101030902239347,0.06690966390083455,-0.04878663282198128,0.1022703123080002
frame_0148.jpg,-0.04753882240630901,0.06542071349091116,0.0036917005655079825,0.06759060549163826,-0.0497087144070361,0.10365609696767068
frame_0149.jpg,-0.04811660223927547,0.06645876682411309,0.0036428860995071765,0.06844823578432944,-0.050106071199491814,0.10476346895911187
frame_0150.jpg,-0.048554196966489015,0.06753707853012489,0.0034948256100596708,0.06953146738551878,-0.0505485858218829,0.10605964489855202
frame_0151.jpg,-0.049297844848845,0.06774533535004303,0.0040529674269239105,0.06989859240514162,-0.05145110190394361,0.10705879460892916
frame_0152.jpg,-0.049535485161382266,0.06814787427908488,0.003957951662871162,0.07028163038620931,-0.0516692412685067,0.10766287998772471
frame_0153.jpg,-0.04958801403044696,0.06912705085670737,0.00380338375991629,0.07112093813683466,-0.05158190131057425,0.10826044493139801
frame_0154.jpg,-0.050252073657413236,0.0700676276874696,0.00373767784189325,0.07199007783243873,-0.05217452380238236,0.10958656312960911
frame_0155.jpg,-0.0510748383168449,0.0704956161322317,0.0038438011100424595,0.07253094022506434,-0.053110162409677565,0.11080911539528944
frame_0156.jpg,-0.05141260634092106,0.07120238359414657,0.004039064708530349,0.07326743835914248,-0.05347766110591698,0.11177785662270923
frame_0157.jpg,-0.05173878259214625,0.07181168413319472,0.004077765981489483,0.07384770858989992,-0.05377480704885145,0.11259106152912043
frame_0158.jpg,-0.052434464288446135,0.07244018132328463,0.004097833289015976,0.07446320149298628,-0.05445748445814778,0.11368502597136486
frame_0159.jpg,-0.053004362900833685,0.0729902341883484,0.004101549406960432,0.07505754319920077,-0.055071671911686076,0.11476258774186739
frame_0160.jpg,-0.0528411715437975,0.07380483203466688,0.004196483781440632,0.07592389013738349,-0.054960229646514105,0.11538219114525392
frame_0161.jpg,-0.053590764551113355,0.07496625785357926,0.003965977332947137,0.07681848792190353,-0.05544299461943762,0.11645128921152052
frame_0162.jpg,-0.054048148865839425,0.07559091771162625,0.004076955706487873,0.07751311341813567,-0.05597034457234885,0.11766444313532419
frame_0163.jpg,-0.054304670730182136,0.07606179377921526,0.004331444400778617,0.07798864575619284,-0.056231522707159705,0.1182841741670938
frame_0164.jpg,-0.05482478307566488,0.07674246279585956,0.00420058675797768,0.07879383709546076,-0.05687615737526607,0.11946678015263122
frame_0165.jpg,-0.055281565710225064,0.0774494881667945,0.004515565598930165,0.07946651509339361,-0.05729859263682419,0.12044127138429041
frame_0166.jpg,-0.05571585647641193,0.07797389688768991,0.004318293042795522,0.08009905739879235,-0.05784101698751437,0.121537573726835
frame_0167.jpg,-0.05628920757606423,0.07818172840240216,0.004443166278044339,0.08031523934644204,-0.05842271852010411,0.12223878607269416
frame_0168.jpg,-0.05661769115283121,0.07933475985455049,0.004438453755648695,0.08145510063487514,-0.05873803193315586,0.12347930794582526
frame_0169.jpg,-0.05666369176215731,0.08030875342182787,0.004237183866797327,0.08230051816180356,-0.05865545650213301,0.12412332891610645
frame_0170.jpg,-0.056975271651423326,0.08112704320693304,0.004276746979722903,0.08302515388406599,-0.05887338232855629,0.12493326552770055
frame_0171.jpg,-0.057494995323225453,0.08135284937257412,0.004302225353677764,0.08337910277049389,-0.059521248721145226,0.12584076390886675
frame_0172.jpg,-0.057754028326929614,0.08187943906258091,0.004240428311969593,0.08385813292571165,-0.05973272219006035,0.12642816437351398
frame_0173.jpg,-0.05786993968415885,0.08289806618320245,0.0044632615175951166,0.08484467068081548,-0.05981654418177189,0.12730424618479627
frame_0174.jpg,-0.05854589893015607,0.08349071042525319,0.00421497522410867,0.08548226398232309,-0.06053745248722593,0.1285939879957888
frame_0175.jpg,-0.05892642652285659,0.08400731524862394,0.004487149493838496,0.08602571562310377,-0.060944826897336435,0.12929221206099187
frame_0176.jpg,-0.05909180526070095,0.08492489571208388,0.0043816549223727195,0.08679193470162037,-0.06095884425023745,0.13002064442396166
frame_0177.jpg,-0.05941402974533339,0.08601296546531359,0.004382393868182426,0.08786696045181022,-0.06126802473183002,0.13108594658662334
frame_0178.jpg,-0.06024780869950696,0.086305942682143,0.004386636872240954,0.08823799727790908,-0.06217986329527302,0.13233441958526582
frame_0179.jpg,-0.06064163313345233,0.08681853948544611,0.004612672656061605,0.08888729227822983,-0.06271038592623604,0.13337386849280342
frame_0180.jpg,-0.06118335236140424,0.08799131923793467,0.004689074919508647,0.0900441623156304,-0.06323619543909997,0.1347052286931932
frame_0181.jpg,-0.06146254219977479,0.0883927826020888,0.004540765702366389,0.09036507414577395,-0.06343483374345996,0.1351752671908316
frame_0182.jpg,-0.06203943434566362,0.08896593396238238,0.004466031867016689,0.09086745283719978,-0.06394095322048102,0.1360995058380809
frame_0183.jpg,-0.06272345934548099,0.08981038078335019,0.0043785200425544525,0.09169433571453946,-0.06460741427667026,0.13741089712798205
frame_0184.jpg,-0.06313582649264035,0.09055595736151371,0.0047296308891077036,0.09250986577857687,-0.06508973490970352,0.1384758998165383
frame_0185.jpg,-0.0637669481299416,0.09148913577221504,0.004793962118609043,0.09336493595542994,-0.06564274831315649,0.1396631900813831
frame_0186.jpg,-0.06420659314801569,0.09232420072522358,0.004597532944796577,0.09427436397314198,-0.06615675639593407,0.1409295254816815
frame_0187.jpg,-0.06427474707407078,0.09293134415117775,0.004662434078297837,0.09490664745600552,-0.06625005037889857,0.14168982227092364
frame_0188.jpg,-0.06470609402038903,0.09366641873117051,0.004591026430042655,0.09562871653164595,-0.06666839182086445,0.14261938891705522
frame_0189.jpg,-0.064562270576116,0.0945913780684787,0.004828939590505854,0.09651853300626978,-0.06648942551390706,0.14318420468098947
frame_0190.jpg,-0.06582057657563062,0.09526980702169606,0.004853881984537995,0.09725256336517756,-0.06780333291911216,0.1449734086088217
frame_0191.jpg,-0.06601491111737147,0.09612837446529272,0.004860449437685838,0.09817931664987427,-0.068065853301953,0.14601430759871292
frame_0192.jpg,-0.0665183439811743,0.09725260591545996,0.00486780280518091,0.09906743443759741,-0.06833317250331171,0.1469292389947724
frame_0193.jpg,-0.06732260838820253,0.09747311158960537,0.004912799630768694,0.09934826473906966,-0.0691977615376668,0.14790891242436677
frame_0194.jpg,-0.0678910185989595,0.09821884667470765,0.004588105495337258,0.10013241612083061,-0.06980458804508247,0.14920737679986687
frame_0195.jpg,-0.0681171735633206,0.09935292698869677,0.004878105423650672,0.10124437974613405,-0.07000862632075791,0.15039852235050888
frame_0196.jpg,-0.06856117454340542,0.09995738678168474,0.00512480281209605,0.10182722424271404,-0.07043101200443473,0.15120179312623094
frame_0197.jpg,-0.06927571158346552,0.10023264101755926,0.004866250287911731,0.10217692251864056,-0.07121999308454682,0.1522251070914178
frame_0198.jpg,-0.06950759095867895,0.10148313612335003,0.005151508664368984,0.1034116703395947,-0.07143612517492363,0.1534859344663663
frame_0199.jpg,-0.0702266320194849,0.10198331035848254,0.005140017209065055,0.10389132641006059,-0.07213464807106294,0.1544112312051859
frame_0200.jpg,-0.07059563607125327,0.10273022468295948,0.004892812302361671,0.10455106631704629,-0.07241647770534007,0.1552135469815938
frame_0201.jpg,-0.07085443778906893,0.10365211944662199,0.004936869852642172,0.10556300512768906,-0.07276532347013598,0.1564513938392537
frame_0202.jpg,-0.07150527621493033,0.10446553717845926,0.005197638995482672,0.10639932899746399,-0.07343906803393505,0.15776202085768273
frame_0203.jpg,-0.07203924674256029,0.10529115072090989,0.0047766541601274425,0.10716769923867528,-0.07391579526032566,0.15878938108311508
frame_0204.jpg,-0.07241806864229396,0.10600482783418932,0.004859043212178973,0.10790667329639597,-0.0743199141045006,0.15982014208342646
frame_0205.jpg,-0.07268392420513316,0.10687083603506332,0.005017789494094034,0.1088605604041403,-0.07467364857421012,0.1609544902609097
frame_0206.jpg,-0.07315538512613663,0.10776288750476815,0.004555096288072811,0.10962817877315752,-0.07502067639452602,0.16194460674130387
frame_0207.jpg,-0.07404303023997422,0.10867866337616579,0.005061711851603734,0.11055190026908193,-0.07591626713289033,0.1634799249086823
frame_0208.jpg,-0.0743577829679969,0.10858862099815107,0.004831677486198425,0.11050916712232713,-0.07627832909217296,0.16380239931806656
frame_0209.jpg,-0.074632883792479,0.10950320590090117,0.004761833519970366,0.11133331203361052,-0.07646298992518835,0.1647290143488242
frame_0210.jpg,-0.07512340273540147,0.11077146603975653,0.0052199709163716435,0.11266897123257383,-0.07702090792821875,0.16636274922428293
frame_0211.jpg,-0.07556749120325933,0.11138043950400321,0.005252096877771466,0.11326339448489914,-0.07745044618415525,0.16723676151873043
frame_0212.jpg,-0.0761040506139011,0.1117192106977578,0.00495256800620182,0.11362322829210905,-0.07800806820825235,0.16803581096581763
frame_0213.jpg,-0.07670974714301551,0.1121469255942246,0.005136562869556656,0.11414852554891299,-0.07871134709770387,0.16910327585619916
frame_0214.jpg,-0.07716917885946956,0.11306420130554015,0.005415810678639819,0.11505600906294218,-0.07916098661687157,0.17025474172562333
frame_0215.jpg,-0.07772615472269756,0.11416320059188893,0.005351890536401624,0.1160685666887612,-0.07963152081956981,0.17156764799367166
frame_0216.jpg,-0.07770611589301886,0.11488216851189532,0.005126840984488928,0.11676062786216589,-0.0795845752432894,0.17212983280799699
frame_0217.jpg,-0.07804014134295847,0.11553324769783586,0.005338357569741952,0.11745011574803221,-0.07995700939315481,0.17308267653704687
frame_0218.jpg,-0.07852081622693703,0.11605026425361759,0.005152416904875645,0.11798348601514017,-0.08045403798845963,0.17402924341944476
frame_0219.jpg,-0.07923807678850898,0.11718726979621312,0.005211049288505034,0.11917839114023764,-0.0812291981325335,0.1757052920985154
frame_0220.jpg,-0.0794945375270634,0.1180306454377253,0.0051230982044265265,0.12003212236267097,-0.08149601445200906,0.1766968090974263
frame_0221.jpg,-0.08016472423474369,0.11887712836234324,0.005242948839585351,0.12079774860007576,-0.08208534447247623,0.17785882883684434
frame_0222.jpg,-0.0804063880815879,0.1195642708141421,0.005039981118302705,0.12154177307750029,-0.08238389034494607,0.1787873801072501
frame_0223.jpg,-0.08066057247307036,0.12026213696211908,0.005013347468318372,0.122258956046889,-0.08265739155784027,0.17966265440630427
frame_0224.jpg,-0.0813742814264964,0.1206429694057322,0.0048119029164137486,0.12260111843797265,-0.08333243045873683,0.1805657980120973
frame_0225.jpg,-0.08211407308891708,0.1221283978809309,0.004958144782437923,0.12408984160057963,-0.08407551680856581,0.18250541772155074
frame_0226.jpg,-0.0823383122570938,0.12264321927134736,0.005137955939430006,0.12467538122119196,-0.08437047420693838,0.18324534773921525
frame_0227.jpg,-0.08303832168613738,0.12350142597879471,0.0052717035553269745,0.125547232376008,-0.08508412808335068,0.18463337648999836
frame_0228.jpg,-0.08322057720168452,0.12392284098979901,0.005345904719708913,0.1259501515471902,-0.08524788775907569,0.18515751680056605
frame_0229.jpg,-0.08391959747223993,0.12475150038467639,0.005259167956644726,0.12683240044569583,-0.08600049753325938,0.1865503907354467
frame_0230.jpg,-0.08460284334462599,0.12551149559921518,0.005068763100143148,0.12758749951327675,-0.08667884725868756,0.18782433979869897
frame_0231.jpg,-0.08500001512711614,0.12629001743213258,0.005135472374468133,0.12837328988084432,-0.08708328757582785,0.18888623568347035
frame_0232.jpg,-0.08549980459998935,0.12741069244194297,0.0053223465382449845,0.12945809798677962,-0.087547210144826,0.190238243473318
frame_0233.jpg,-0.08565734932532493,0.12783164327996854,0.005198020608833911,0.1298530710698618,-0.08767877711521815,0.19070165096962138
frame_0234.jpg,-0.08642213312850103,0.1285437366535432,0.005545229271788541,0.1307115107607348,-0.08858990723569264,0.19222195869208109
frame_0235.jpg,-0.08699683933096793,0.12925709548984277,0.005265414977993865,0.1313948465239564,-0.08913459036508152,0.1933359003989955
frame_0236.jpg,-0.08738050716874873,0.1304620994577429,0.005216454464278835,0.13256674674235883,-0.08948515445336469,0.19462733416043293
frame_0237.jpg,-0.08776392306802898,0.1314827481036632,0.00511212760388017,0.13367583375044245,-0.08995700871480822,0.19597290769644982
frame_0238.jpg,-0.08825538147755062,0.1323162267743766,0.005415375054830918,0.1344791089028018,-0.09041826360597582,0.19713173903688933
frame_0239.jpg,-0.08894721573164396,0.13282031083269677,0.005393522457132436,0.13496818818266873,-0.09109509308161591,0.19807094556940397
frame_0240.jpg,-0.08935594494462812,0.13396070170421198,0.005314479056985757,0.13610123526207235,-0.09149647850248849,0.19949359559949936
frame_0241.jpg,-0.08971878291751402,0.13467828819701094,0.0050137473817736655,0.13685825486828038,-0.09189874958878344,0.20051720364403466
frame_0242.jpg,-0.08996495262683168,0.13522141622097902,0.005530116117045907,0.13743321974030898,-0.09217675614616164,0.20123706465568234
frame_0243.jpg,-0.09036960443151941,0.13565834720016143,0.00541861442836538,0.13789090444818838,-0.09260216167954637,0.20198264059318774
frame_0244.jpg,-0.09113101211798423,0.13644339681688958,0.005832815576667967,0.13865532996703095,-0.0933429452681256,0.20334200398174257
frame_0245.jpg,-0.09131657572525832,0.13725637173854446,0.005443568807475279,0.13949272572115048,-0.09355292970786433,0.20421392183314205
frame_0246.jpg,-0.09202846224308046,0.13813529928682247,0.0055651092045124,0.14038202172507805,-0.09427518468133604,0.2056209191543352
frame_0247.jpg,-0.09247696739026708,0.13912947437164397,0.005539717737059595,0.1412765314345268,-0.09462402445314991,0.20670505065345673
frame_0248.jpg,-0.092979574353431,0.13970656672933807,0.005483391229732915,0.1419397821837377,-0.09521278980783064,0.20781409332711642
frame_0249.jpg,-0.0932103788100818,0.14075818451502142,0.005774969465614977,0.1430181157028393,-0.09547030999789965,0.2090111551787397
frame_0250.jpg,-0.09398246692613427,0.14131270909364127,0.005505752442619691,0.1435070539528145,-0.0961768117853075,0.20995962577791943
frame_0251.jpg,-0.09449738258040079,0.14198639828335094,0.005899840608336877,0.1442199785423443,-0.09673096283939417,0.21113032412705535
frame_0252.jpg,-0.09485459374418212,0.14263138809621873,0.005919287703930163,0.14492494871216333,-0.09714815436012673,0.2121085859006031
frame_0253.jpg,-0.09507429921200221,0.14387687765214796,0.005721314070039929,0.14615947817421357,-0.09735689973406782,0.21334335303748603
frame_0254.jpg,-0.09585596920292389,0.14424547291474293,0.005910522569040388,0.14656641029353748,-0.09817690658171843,0.21445117963064722
frame_0255.jpg,-0.09632020475879458,0.14504981000821904,0.005646819263736118,0.14729973594532075,-0.09857013069589629,0.21541485360005314
frame_0256.jpg,-0.09680517187293475,0.14603328682470196,0.005951189779488839,0.1483384703437846,-0.09911035539201742,0.21682290382754474
frame_0257.jpg,-0.09727272635414572,0.14682821398357443,0.005732632014465971,0.14918052468054607,-0.09962503705111735,0.21801764379770128
frame_0258.jpg,-0.09750067432190093,0.1478924611601143,0.005803673807082355,0.1502018526006294,-0.09981006576241602,0.2190563409045645
frame_0259.jpg,-0.09823899461920689,0.14822547300580025,0.005769614332331416,0.15063956469858283,-0.10065308631198948,0.2202420929378447
frame_0260.jpg,-0.0985869847953527,0.14922605398395883,0.00581844334931489,0.15157269020120082,-0.10093362101259469,0.22125331616562863
frame_0261.jpg,-0.09902295587465666,0.14991363224811832,0.005809946588275379,0.1521918963258759,-0.10130121995241424,0.2221010656949921
frame_0262.jpg,-0.0995551115645933,0.15119896875077943,0.005819749484155521,0.15352389983961373,-0.10188004265342761,0.22380110711812853
frame_0263.jpg,-0.09985922371431932,0.1518318732253895,0.0060786602420417335,0.15421020666499502,-0.10223755715392485,0.22471588770262482
frame_0264.jpg,-0.09991693268689815,0.15223370540751707,0.006350958070948201,0.1546721168956074,-0.10235534417498846,0.2252809546882474
frame_0265.jpg,-0.10053992486839804,0.15323826118016645,0.0057901374145651555,0.15561606987436227,-0.10291773356259389,0.226563238843096
frame_0266.jpg,-0.10059350390506261,0.15401507943766582,0.00567947067302339,0.1564432658853876,-0.10302169035278437,0.22738913574695846
frame_0267.jpg,-0.10077412705585764,0.15492336836840892,0.006266257568002871,0.15749700244888876,-0.10334776113633744,0.22862122486180628
frame_0268.jpg,-0.10100939465896844,0.15559474614669408,0.005824127677563027,0.15806894833803095,-0.10348359685030532,0.22925961728850058
frame_0269.jpg,-0.10155188392974815,0.15644448215178686,0.0058365158962328054,0.15894172912584514,-0.10404913090380646,0.2304982785946771
frame_0270.jpg,-0.10210974910166122,0.15715425008697698,0.006221327750482528,0.1596909650470545,-0.10464646406173872,0.23172096406863738
frame_0271.jpg,-0.1026366766951326,0.15798220423744824,0.006279799075354982,0.1606294240090677,-0.10528389646675208,0.23309885438652195
frame_0272.jpg,-0.10304434560876018,0.15877675347418185,0.005830879571611991,0.16132163759556062,-0.10558922973013894,0.23395291731786372
frame_0273.jpg,-0.10345271451601491,0.15955204892986083,0.005991907002808245,0.16213576611612912,-0.1060364317022832,0.2350642091054254
frame_0274.jpg,-0.10391658998699228,0.16056949625608838,0.006209157940201662,0.1632420036728588,-0.10658909740376274,0.2365437356508452
frame_0275.jpg,-0.10470559550443284,0.16144582123864568,0.00586162360731068,0.16400697186177468,-0.10726674612756187,0.23779309398037313
frame_0276.jpg,-0.10464152515182824,0.16193203513836402,0.006243009480592194,0.16457502271314148,-0.10728451272660573,0.23831884361562017
frame_0277.jpg,-0.10561138250992187,0.16271204378047321,0.006326362241634484,0.1654007859497172,-0.10830012467916583,0.23989687575637592
frame_0278.jpg,-0.10587471128628706,0.16363993899715965,0.00600488723429911,0.1663363748573875,-0.1085711471465149,0.24093139461495292
frame_0279.jpg,-0.10600932876333247,0.16483860726847366,0.006167870968656608,0.16746177948553648,-0.10863250098039531,0.24202391941753368
frame_0280.jpg,-0.10667209644829534,0.1654089041199308,0.0061181716600786995,0.16810993970028676,-0.10937313202865133,0.24326497920585474
frame_0281.jpg,-0.10687708279493861,0.16588872580213088,0.006479459414263102,0.16865477416242322,-0.10964313115523092,0.24395475973395256
frame_0282.jpg,-0.10764547219672459,0.16662290613011166,0.006482847738081388,0.16940148891946996,-0.11042405498608286,0.2452910405277746
frame_0283.jpg,-0.10833805215868175,0.16785669633873543,0.006333890921983434,0.17061147205469016,-0.11109282787463647,0.2469574142887805
frame_0284.jpg,-0.10850355933374324,0.16856369963386852,0.006450699234780641,0.1713106068373974,-0.11125046653727214,0.2477337324288354
frame_0285.jpg,-0.10913221042567421,0.16938802467116712,0.0066647006343665,0.172180658546677,-0.1119248443011841,0.2490583162894023
frame_0286.jpg,-0.10943478729351398,0.17050530173316733,0.00645514653077604,0.17326821538057444,-0.1121977009409211,0.25026171367653854
frame_0287.jpg,-0.11019483437671837,0.17123463620819876,0.006479236712381562,0.17406757587658098,-0.11302777404510059,0.25161478113489066
frame_0288.jpg,-0.11039297523381471,0.1719223514199586,0.006691567478780361,0.17474829713476348,-0.11321892094861964,0.25240705081684367
frame_0289.jpg,-0.11101959142234769,0.17277351770051733,0.006381289328902282,0.175599001392318,-0.11384507511414838,0.25371145886096064
frame_0290.jpg,-0.1114744293287854,0.17334393833941256,0.006393467202046539,0.1762316685218763,-0.11436215951124908,0.2547237834206378
frame_0291.jpg,-0.11205406790921799,0.1746710998683046,0.006959857252567758,0.17757213727227267,-0.11495510531318605,0.2564140300507018
frame_0292.jpg,-0.11249699819786649,0.1756858652384718,0.006597921566163523,0.17860113057986152,-0.1154122635392561,0.2576983997197368
frame_0293.jpg,-0.11350546427708594,0.17620833958277168,0.006716814549798578,0.17904347900909084,-0.11634060370340503,0.25888645773085023
frame_0294.jpg,-0.11386227444775678,0.1771718428632624,0.006873909536856262,0.18008370682944144,-0.11677413841393582,0.2602007213508977
frame_0295.jpg,-0.11427361721186599,0.177538988773946,0.006753473653707571,0.1805033830371264,-0.11723801147504645,0.2609374372822094
frame_0296.jpg,-0.11429692230874786,0.1783912962723035,0.006536626021446077,0.181314232180507,-0.1172198582169513,0.2617065656862294
frame_0297.jpg,-0.11505971080677668,0.17938813361689887,0.006966765641649424,0.18231445131364635,-0.11798602850352419,0.2632018991876289
frame_0298.jpg,-0.11520681389249382,0.18015296168711117,0.007079844643158273,0.1831839990579169,-0.1182378512632995,0.26418409338102566
frame_0299.jpg,-0.11602283852314692,0.18114523104457284,0.006708869563828861,0.18416032014462938,-0.11903792762320341,0.26573784520169846
frame_0300.jpg,-0.11600629602314008,0.18176456460329468,0.006767381271458852,0.18469025908560577,-0.1189319905054512,0.26616157762894643
frame_0301.jpg,-0.1166205794322363,0.1822533164006439,0.0071858676138769175,0.1852955367960679,-0.1196627998276603,0.26728669587732484
frame_0302.jpg,-0.1169580786724942,0.18367389134405115,0.007223292083440596,0.1867457292919369,-0.12002991662037997,0.26891217125158046
frame_0303.jpg,-0.11745410596684146,0.18437794257451715,0.006797208186755075,0.18741528548315312,-0.12049144887547741,0.2699135065868079
frame_0304.jpg,-0.11808898551623592,0.1848460354219462,0.006993055805698454,0.18800644413262613,-0.12124939422691589,0.2710664891425123
frame_0305.jpg,-0.11849426621286369,0.18616355682469163,0.0070893798488738825,0.1893369208377759,-0.12166763022594791,0.27265020697196474
frame_0306.jpg,-0.11874509732938215,0.18682664195755513,0.007161410767073058,0.18995682788719254,-0.12187528325901954,0.2733824042157451
frame_0307.jpg,-0.11897141159741359,0.18747654866229035,0.007011625568158433,0.19065717133497395,-0.12215203427009717,0.2742331398154317
frame_0308.jpg,-0.11967638135793514,0.18853538931608724,0.006998419877645379,0.19176048372926982,-0.12290147577111772,0.2758643371947004
frame_0309.jpg,-0.12021408515075016,0.1890925552949216,0.006940457544880569,0.19227082026159323,-0.12339235011742172,0.2767242125330626
frame_0310.jpg,-0.1200425007006529,0.19003162366903703,0.007065336877146713,0.19323836661835042,-0.12324924364996637,0.27749401652334493
frame_0311.jpg,-0.12098169430834908,0.19102769595073307,0.007104070940296916,0.19421134721096622,-0.12416534556858222,0.2791236933996637
frame_0312.jpg,-0.12068884180669734,0.19204989378389695,0.007019854181674478,0.1952743622160925,-0.1239133102388928,0.27990094653295866
frame_0313.jpg,-0.12158445191172042,0.1924294123032857,0.006924979870932004,0.19565714774393655,-0.12481218735237132,0.28099004220906104
frame_0314.jpg,-0.12184014877674543,0.19324318984736893,0.0070507490692295165,0.19647486401135858,-0.12507182294073504,0.28196496561490725
frame_0315.jpg,-0.12243744725377063,0.19458504800116938,0.006837850057370822,0.19778453159419299,-0.12563693084679428,0.28359202836314606
frame_0316.jpg,-0.12273037787424286,0.19514079724414846,0.0073168227917991225,0.19847090259014316,-0.12606048322023763,0.28459231471136315
frame_0317.jpg,-0.12358592644054582,0.1956851785306705,0.006955591547197706,0.19905870978287937,-0.1269594576927547,0.28584768122748516
frame_0318.jpg,-0.12366266742584699,0.19664534839677508,0.007013342368991839,0.20001568990737603,-0.12703300893644795,0.28679911993335855
frame_0319.jpg,-0.12417646116463488,0.19755809135414937,0.0070505502346754675,0.20095996095694588,-0.12757833076743144,0.2881339336040451
frame_0320.jpg,-0.12451310629558165,0.19816881532180874,0.006960345438663236,0.20150492767038267,-0.1278492186441556,0.28883028457859233
frame_0321.jpg,-0.1252899388747956,0.19877507109740786,0.006932802142239263,0.20216233553064172,-0.1286772033080294,0.2901168246174827
frame_0322.jpg,-0.1256226650303301,0.19960389856164543,0.007289961738981638,0.20306000306667396,-0.12907876953535855,0.29127503378785696
frame_0323.jpg,-0.1258553680029425,0.20061994410883663,0.007301462463801913,0.20411707456916267,-0.12935249846326857,0.29244130396083906
frame_0324.jpg,-0.12618966040042032,0.20135280995243732,0.007184889428172552,0.2047947375878945,-0.1296315880358775,0.2932884291795597
frame_0325.jpg,-0.1266094112893238,0.20215005206142758,0.007487601731711431,0.2056916683256461,-0.13015102755354235,0.29455802742480935
frame_0326.jpg,-0.1271519367738959,0.20274566222527496,0.007256359483979375,0.20631407943887436,-0.13072035398749535,0.29560944957846963
frame_0327.jpg,-0.12742443710426352,0.20328446702890315,0.007165976872291866,0.20686528580372648,-0.13100525587908682,0.29632387233678464
frame_0328.jpg,-0.12809758833933252,0.20443297223635923,0.007332844501122811,0.20797668465028274,-0.13164130075325597,0.2978511283512064
frame_0329.jpg,-0.12859956764811628,0.20486503976911963,0.00736127514746765,0.2083895659342865,-0.13212409381328322,0.29866275533731346
frame_0330.jpg,-0.12908165586621478,0.20615923234491412,0.007334692643539222,0.2097136624769541,-0.13263608599825474,0.3002752496588396
frame_0331.jpg,-0.12922931156855674,0.20701410953558633,0.0074229184323648225,0.2106736831141918,-0.1328888851471622,0.301331162916582
frame_0332.jpg,-0.1297096449167384,0.20719355341514029,0.007237237883200942,0.21085048631466502,-0.1333665778162631,0.3018997717108877
frame_0333.jpg,-0.13042853150161485,0.20825897277423708,0.007507931071596632,0.21192331741626969,-0.13409287614364743,0.30348079485298046
frame_0334.jpg,-0.13060966256088322,0.20905685379033415,0.007972252536060766,0.21268995310301886,-0.13424276187356793,0.3043004554067836
frame_0335.jpg,-0.1311853326069531,0.20962101051191112,0.007487719694914113,0.21334035161109446,-0.13490467370613646,0.3054468567327419
frame_0336.jpg,-0.1317978771626565,0.21075168687686258,0.007790948452109028,0.21451035937440627,-0.13555654966020014,0.3070208311363645
frame_0337.jpg,-0.1320632120575315,0.21150728267972257,0.007823700615098673,0.21530883439670798,-0.1358647637745169,0.3080143191343693
frame_0338.jpg,-0.1327541035416251,0.21204886115985935,0.007971210602281831,0.21595617455068183,-0.13666141693244754,0.3092741812192936
frame_0339.jpg,-0.13313588554783393,0.21317037699908276,0.008121696190666064,0.21706120419815592,-0.13702671274690703,0.31055351613535465
frame_0340.jpg,-0.1336008982341319,0.21357768134835506,0.007891123718041758,0.21747742249711227,-0.13750063938288912,0.3113564677996006
frame_0341.jpg,-0.13385835843525584,0.21438581345188173,0.008385408843091375,0.21838684393456664,-0.13785938891794075,0.3124710270009793
frame_0342.jpg,-0.13438161330154266,0.2149954946158617,0.008311936899403554,0.21902876757359815,-0.1384148862592791,0.3135234879115824
frame_0343.jpg,-0.13489652293395474,0.2161478894325419,0.008129949841439426,0.22008719186720194,-0.13883582536861472,0.31481136472535287
frame_0344.jpg,-0.13580932454477904,0.21669062101101033,0.008552826479793824,0.22077907288473003,-0.1398977764184987,0.3163274395605117
frame_0345.jpg,-0.1360678804204808,0.21768081090256985,0.008530884674469781,0.2217321220415054,-0.14011919155941627,0.3174030788875759
frame_0346.jpg,-0.13624423262444674,0.21818919121007693,0.008722922439767666,0.22230664503037365,-0.14036168644474345,0.3181244240468633
frame_0347.jpg,-0.13686496104150642,0.21896112767949727,0.008533845280191948,0.22309562090164595,-0.14099945426365507,0.31934433374724625
frame_0348.jpg,-0.1368277229128252,0.219880228920827,0.00851743892250509,0.22407517007311997,-0.1410226640651181,0.3202620523011629
frame_0349.jpg,-0.13746810441807347,0.22083839877032654,0.008583393962638772,0.22504158415364373,-0.14167128980139063,0.321688238747083
frame_0350.jpg,-0.13746122022209875,0.221403508583452,0.008852537504021561,0.22564629714487217,-0.1417040087835189,0.3222768098975295
frame_0351.jpg,-0.13847845391710364,0.22203758758257602,0.008904231056839702,0.2263167435408948,-0.1427576098754224,0.32374044832401155
frame_0352.jpg,-0.1388379856076699,0.2232269051408395,0.009052444330731291,0.22748383371177128,-0.14309491417860165,0.3250882699442579
frame_0353.jpg,-0.13952162070072865,0.22329270277600535,0.008855343268712557,0.2277167989763929,-0.14394571690111618,0.32599933813158744
frame_0354.jpg,-0.13950798768587233,0.22457285203140775,0.008784305388265544,0.2289400822753733,-0.14387521792983787,0.32705788692365334
frame_0355.jpg,-0.14008983961769467,0.22527586083214227,0.009285853065668283,0.2296827284998654,-0.14449670728541783,0.3282287676859049
frame_0356.jpg,-0.14059012118391742,0.2261140003143704,0.008890308693594312,0.2305658810528149,-0.14504200192236197,0.3295073194300952
frame_0357.jpg,-0.14099752939062718,0.2273530425267217,0.008984814988974677,0.23185758775832788,-0.14550207462223336,0.33108885327059007
frame_0358.jpg,-0.14134931335719259,0.22825630312625808,0.009729479258567734,0.23276721914419396,-0.14586022937512846,0.3321971957624478
frame_0359.jpg,-0.14236967677821852,0.22866791997510533,0.009008238298933633,0.23323050575008725,-0.14693226255320044,0.33350989642863
frame_0360.jpg,-0.1426909541734978,0.22968897718974385,0.009226210965416976,0.23428192105846,-0.14728389804221392,0.334768174302201
frame_0361.jpg,-0.1430537204035398,0.23100653406385907,0.009366147531335973,0.2356631787207843,-0.14771036506046506,0.33639124424504435
frame_0362.jpg,-0.14296826248512332,0.23177454712236142,0.009110470168181823,0.23636496468071003,-0.1475586800434719,0.33688015136560734
frame_0363.jpg,-0.143892888126039,0.23245468877792114,0.009441496982436183,0.23716696357802736,-0.14860516292614523,0.3384864658137694
frame_0364.jpg,-0.14434060011371408,0.2333880027724771,0.009493462425676072,0.23817638630631335,-0.14912898364755037,0.3398560541352763
frame_0365.jpg,-0.14515437647437182,0.23419187156429214,0.00986186404632507,0.23885396965906971,-0.1498164745691494,0.3410542849546269
frame_0366.jpg,-0.14482882478192238,0.23497463407647157,0.009752873472386358,0.23977756337858802,-0.14963175408403884,0.34174505310338626
frame_0367.jpg,-0.1456113091063843,0.23582886212234325,0.009548071029375459,0.24073026316935406,-0.15051271015339515,0.3433331641030378
frame_0368.jpg,-0.14630269628300938,0.23695017675933783,0.009693611710655707,0.24178524620309486,-0.15113776572676632,0.34482291653111347
frame_0369.jpg,-0.1465641991624368,0.23750433489023526,0.009881840128867649,0.24244801417734418,-0.15150787844954572,0.34576089484710887
frame_0370.jpg,-0.14716467619961107,0.2385462476917253,0.00987423059800065,0.24349200327354345,-0.15211043178142925,0.3471990438395221
frame_0371.jpg,-0.14751620049956266,0.23943800557717496,0.009730939734065048,0.24450213641652088,-0.15258033133890853,0.3485386510497014
frame_0372.jpg,-0.14808313129809725,0.24076707760821517,0.010122665986525402,0.2458135067957101,-0.15312956048559218,0.35018713206243546
frame_0373.jpg,-0.14814609245302882,0.24112276438472982,0.009756335710766008,0.24618640372813325,-0.1532097317964323,0.350592573013803
frame_0374.jpg,-0.14848253813392517,0.24171969752886938,0.009698008914280964,0.24688681145659383,-0.1536496520616496,0.3516126737778766
frame_0375.jpg,-0.1487626797969911,0.24257205110704308,0.00994865787175021,0.24777838599977198,-0.15396901468971996,0.3526936260329122
frame_0376.jpg,-0.14953667845099125,0.24330615195333155,0.01008068874885908,0.24846584585339346,-0.15469637235105316,0.35393738395818297
frame_0377.jpg,-0.15001366746117348,0.24443815986313344,0.010109257835244695,0.24975313734896953,-0.15532864494700954,0.3556403336493009
frame_0378.jpg,-0.15017538286239676,0.24507360223705596,0.009851893657213737,0.2504323923457957,-0.1555341729711366,0.35640636572347967
frame_0379.jpg,-0.15109290476029968,0.24590688707244332,0.010216901730507624,0.25127495028512553,-0.1564609679729818,0.3579764461355078
frame_0380.jpg,-0.15149069534328263,0.24713580483489048,0.010293879917850038,0.2525667645114667,-0.15692165501985886,0.35954859937451183
frame_0381.jpg,-0.15152561924392743,0.24798280893620883,0.00997049208202129,0.2533658079743511,-0.15690861828206965,0.3602531936933261
frame_0382.jpg,-0.15223535140958497,0.24900351168448448,0.010312512968291353,0.2545303672283667,-0.15776220695346718,0.36206878149780325
frame_0383.jpg,-0.15250280088764412,0.2492196880035772,0.010304958019729598,0.2547772857364547,-0.1580603986205217,0.36254830023035006
frame_0384.jpg,-0.15344518635596066,0.250494410094162,0.010302314904764038,0.2561428018435136,-0.15909357810531233,0.3646156892263527
frame_0385.jpg,-0.1535652399985012,0.25098251902802515,0.010319878388537264,0.2566835382241707,-0.1592662591946468,0.36526880131833034
frame_0386.jpg,-0.15425630676044,0.2524489842715077,0.010150422164722665,0.2580720089648036,-0.15987933145373587,0.3670489188919811
frame_0387.jpg,-0.15432152674870692,0.2531355183791342,0.010022255083971799,0.2589011540165824,-0.16008716238615517,0.3679900006425181
frame_0388.jpg,-0.15471888094338715,0.25383790479263196,0.010146707337164506,0.2596110802829906,-0.16049205643374578,0.3689707439668226
frame_0389.jpg,-0.15485276035711132,0.25493869208235487,0.010105795083868902,0.2607431310121466,-0.1606571992869031,0.3701693648144115
frame_0390.jpg,-0.1556875417910313,0.2557603196138622,0.010223009714080364,0.2616992791186041,-0.16162650129577316,0.37185571203937845
frame_0391.jpg,-0.15612843880276495,0.25662725455088836,0.010484309823946728,0.26251684855191854,-0.16201803280379512,0.3729064972437202
frame_0392.jpg,-0.1562534677442742,0.25741263474130044,0.010165434397504653,0.26339371417686297,-0.1622345471798368,0.3739419872068752
frame_0393.jpg,-0.15673570174571638,0.2586972703967138,0.010218601859596279,0.26471673883967184,-0.1627551701886744,0.3755628961428827
frame_0394.jpg,-0.15722480607796882,0.2597450523560475,0.01015542263944292,0.26583995187917386,-0.1633197056010952,0.3770564471072941
frame_0395.jpg,-0.15779616145911624,0.2607567313258784,0.010150080023831987,0.26692811054358545,-0.16396754067682331,0.37862420517424006
frame_0396.jpg,-0.1576930479344123,0.2612041585501754,0.010080719862275545,0.2673688247774399,-0.16385771416167672,0.37892421847198315
frame_0397.jpg,-0.15848695245872263,0.26235921709148796,0.00999261513125264,0.2686047459447751,-0.16473248131200982,0.38078430321958173
frame_0398.jpg,-0.1583463062447649,0.263343749649504,0.009791193927344635,0.26963671840736025,-0.16463927500262113,0.3816416724344873
frame_0399.jpg,-0.15933274673069944,0.2647619682788308,0.0099396707757638,0.2710313819456647,-0.16560216039753328,0.38371989025305553
frame_0400.jpg,-0.1595275654852619,0.2655244206719515,0.010258966319499931,0.2719150746488703,-0.16591821946218072,0.3848098138311228
frame_0401.jpg,-0.159718946257454,0.26634290116912146,0.009666560744809248,0.2727515035242137,-0.16612754861254622,0.38579215203513406
frame_0402.jpg,-0.1601728016950458,0.26702088410453295,0.009900081257774203,0.2735417097390693,-0.16669362732958232,0.38701236939088823
frame_0403.jpg,-0.16063628169461958,0.26811565052834085,0.009461108425146601,0.27463620975001213,-0.1671568409162909,0.38837014251333474
frame_0404.jpg,-0.1609947396715252,0.269137609036261,0.0097005657323397,0.2757217593626452,-0.16757888999790932,0.38974941805556346
frame_0405.jpg,-0.16097466505676344,0.2699787446013408,0.009513643939337749,0.27670260047072665,-0.16769852092614929,0.39073621239241774
frame_0406.jpg,-0.161505108959392,0.27079906629471284,0.009675272124038079,0.2775223997337706,-0.1682284423984497,0.39194349569494874
frame_0407.jpg,-0.16185795376978995,0.2719306702099596,0.009847986299927523,0.27873890975511,-0.16866619331494032,0.3934499240090891
frame_0408.jpg,-0.16183784531851472,0.2729991313051556,0.009334067740492693,0.2798714575604099,-0.168710171573769,0.39454057818646304
frame_0409.jpg,-0.16246109263582822,0.27392744327885926,0.009334883510554913,0.2808955795656935,-0.1694292289226625,0.39612412161643235
frame_0410.jpg,-0.16293533282111766,0.2749995680673505,0.009549455211469366,0.2820471984985237,-0.16998296325229087,0.39760266297579977
frame_0411.jpg,-0.1635431937246642,0.2756080817859463,0.009655451393104348,0.2826618736698871,-0.1705969856086049,0.3986973515901745
frame_0412.jpg,-0.16417182173736514,0.2770116428421606,0.009647354562718426,0.28409178168320376,-0.17125196057840825,0.40057677462856484
frame_0413.jpg,-0.16399948950691914,0.2780111990621291,0.00904380847079407,0.285162834778059,-0.17115112522284903,0.4014681003628536
frame_0414.jpg,-0.16496568882416432,0.2789322273029609,0.009519317257587432,0.28614494624746667,-0.1721784077686701,0.40323693687804285
frame_0415.jpg,-0.16498160853335364,0.27972982792112355,0.009343141850108238,0.2871245062871464,-0.17237628689937645,0.4043175820471753
frame_0416.jpg,-0.16531047248477684,0.28060737735069685,0.009554557474201284,0.288070381477457,-0.17277347661153697,0.4055138998122675
frame_0417.jpg,-0.16563692232574354,0.2816093155004527,0.009840997446606548,0.2891738014827951,-0.17320140830808595,0.40692345684936204
frame_0418.jpg,-0.1663440212770171,0.2823876326217187,0.009192038137745714,0.29000889209542646,-0.17396528075072495,0.40831987923052177
frame_0419.jpg,-0.16688414122319956,0.28322435701506565,0.0093427784269656,0.2908600769730538,-0.1745198611811877,0.4096006111731419
frame_0420.jpg,-0.16762235217502933,0.2839845120806223,0.009317282382212026,0.29172375790907573,-0.17536159800348275,0.41109173991153675
frame_0421.jpg,-0.1679334557794852,0.2857411974800685,0.009338747907823648,0.2935387102565262,-0.17573096855594295,0.41307534601833296
frame_0422.jpg,-0.16797286034489858,0.28680874354659036,0.009819030611147882,0.2947958680572769,-0.17595998485558514,0.41445545153475266
frame_0423.jpg,-0.1692838928175626,0.2877652036478719,0.009219308113090453,0.2957435711811203,-0.17726226035081108,0.41641304274871
frame_0424.jpg,-0.1698542864047287,0.28913996728026903,0.00903719544535077,0.2971706914328564,-0.177885010557316,0.4182363227976906
frame_0425.jpg,-0.17051339893386142,0.2902532095370698,0.009067912354549767,0.2985114133495195,-0.17877160274631115,0.42021651891754225
frame_0426.jpg,-0.17118815645464097,0.29083620618302225,0.009176884154532583,0.2991167045792959,-0.17946865485091462,0.42135184102379375
frame_0427.jpg,-0.1715381848931363,0.2918343780128768,0.008621876539982604,0.3000730850220092,-0.17977689190226862,0.42250634992676794
frame_0428.jpg,-0.17159589850377543,0.29320180810195323,0.009121153217635696,0.30146116625087044,-0.17985525665269253,0.42388295912899876
frame_0429.jpg,-0.3550043883959415,-0.17705942393020993,-0.5052813024861345,7.2916354283374405,-7.8236992406635935,13.936550639503228
frame_0430.jpg,-0.35550880041369104,-0.17570820617904964,-0.5062434988937231,7.297311183865621,-7.828528190458362,13.945852477305818
frame_0431.jpg,-0.3095182030842301,-0.6297640166505726,-0.38367525808267344,6.8692198114885255,-7.808502031223328,13.630471681408187
frame_0432.jpg,-1.222719232059631,-1.5164571583535786,-0.9940148478360552,5.312099336395898,-8.051275726809108,12.347349699687934
frame_0433.jpg,-1.223142480222001,-1.515633512139741,-0.9952747304913495,5.317124918423218,-8.05590091078496,12.35613799169618
frame_0434.jpg,-1.223279574822871,-1.515086273767524,-0.9969917274232293,5.323073290501998,-8.061439139092395,12.366592057101235
frame_0435.jpg,-1.2237908444935337,-1.5147183929627865,-0.998705303949165,5.327808573034953,-8.066317810491272,12.37551366744983
frame_0436.jpg,-1.2237374531797087,-1.5143403452717044,-1.000326004223707,5.334268759860647,-8.072346558312061,12.386849007768582
frame_0437.jpg,-1.0480515435786375,-0.30188111957460423,-0.3361876076343843,5.130691621964008,-6.480624285117251,10.77563653517968
frame_0438.jpg,-1.0486262876884245,-0.3026554750678692,-0.3362003726424119,5.134666832021005,-6.485948594777299,10.78409686355531
frame_0439.jpg,-1.0494287544862637,-0.30303395995726234,-0.3364364086481186,5.138417712259692,-6.490880426703217,10.792143342462795
frame_0440.jpg,-1.0498563647133283,-0.30362563241262036,-0.3365805910202312,5.143269231024493,-6.496751228150442,10.802090995024724
frame_0441.jpg,-1.050167437506235,-0.3039512155344524,-0.33688308527614247,5.146911577395261,-6.501030230435948,10.809437707300859
frame_0442.jpg,-1.0506295501858778,-0.305908380969653,-0.3369220792190153,5.15054558402745,-6.5070835151829804,10.818437796521435
frame_0443.jpg,-1.0516519306867884,-0.3069433961153622,-0.3371314128889678,5.154191375444683,-6.512786702246833,10.827113083955519
frame_0444.jpg,-1.0517105839346812,-0.3077013934181403,-0.3368872054180285,5.157807873279422,-6.517219850632242,10.834559932185027
frame_0445.jpg,-1.0522237840191722,-0.30793997058351663,-0.33692641848958566,5.161468132415268,-6.521631887017959,10.841977224461703
frame_0446.jpg,-1.0523222834438934,-0.30971924451200267,-0.3371130861990481,5.164920347523337,-6.526961875479233,10.850019469516846
frame_0447.jpg,-1.052732435297089,-0.30959014119643063,-0.33638994111272097,5.169249037970806,-6.531571614464326,10.858354849005686
frame_0448.jpg,-1.0532792541953369,-0.31092694763678486,-0.33687810033279325,5.172737310145307,-6.53694351197743,10.866469129733034
frame_0449.jpg,-1.0536401239574733,-0.31067736219599396,-0.336528004073032,5.176695004448232,-6.541012490601699,10.873900691005238
frame_0450.jpg,-1.054338611641969,-0.3118005547843473,-0.3371334618392566,5.180721866079571,-6.546861032505887,10.883171892834687
frame_0451.jpg,-0.6099772210875212,-0.3370557123105533,-1.8426878109278186,5.729232206942348,-6.676265140340422,11.543647314371597
frame_0452.jpg,-0.6107514858840165,-0.33645185752249945,-1.8445682833415566,5.7329060359885355,-6.680109379395051,11.550734385993296
frame_0453.jpg,-0.6108117550466393,-0.3361751453448475,-1.84637261019449,5.73677731770428,-6.683764218095767,11.55771731183628
frame_0454.jpg,-0.6111674830999841,-0.3355911769490042,-1.848005397990163,5.741053537575446,-6.687812197624435,11.56540655207321
frame_0455.jpg,-0.6114334383665186,-0.3353846203234995,-1.8500268855005615,5.745228352337576,-6.6920464110275955,11.573068884914067
frame_0456.jpg,-0.6111577907343724,-0.33481713763164955,-1.8516929050541355,5.749779759752754,-6.695754688118775,11.58067845593599
frame_0457.jpg,-0.6124063770554194,-0.3342502913331019,-1.8532899457621748,5.752874206862864,-6.6995308752513845,11.587179412621804
frame_0458.jpg,-0.6120140129736941,-0.3341589906642078,-1.8547414490161895,5.757563483176452,-6.703736486814353,11.595188401734331
frame_0459.jpg,-0.6121409115484555,-0.33347566104484394,-1.8566066740156657,5.76134445799016,-6.70696103058346,11.601731113695491
frame_0460.jpg,-0.6124147795397427,-0.33257745499255087,-1.8584104481069341,5.76615087310678,-6.711143107639073,11.609955294475983
frame_0461.jpg,-0.6122798404348587,-0.3324181764086038,-1.8598663404814113,5.7696951277726445,-6.714393144616106,11.616310700606196
frame_0462.jpg,-0.611837011132979,-0.33193626975699886,-1.8619454269209497,5.773965922920813,-6.717739203810791,11.623308180083319
frame_0463.jpg,-0.6122464070610255,-0.33119210927651715,-1.8636301645950528,5.778493618694194,-6.721932135031737,11.631267923738475
frame_0464.jpg,-0.6123811926949485,-0.3306165400807936,-1.8655568495079826,5.782891950156196,-6.725889682931938,11.63905106744646
frame_0465.jpg,-0.6130438911583925,-0.32998734902435073,-1.8668895264251386,5.786473255180946,-6.72950449536369,11.645629323488865
frame_0466.jpg,-0.6132114138029395,-0.3292831257613632,-1.8685635801024552,5.790243119451291,-6.7327376590155925,11.652133515315604
frame_0467.jpg,-0.6134813923580928,-0.32860587571060074,-1.8705799896517024,5.794556971667018,-6.736644239735713,11.659762868154457
frame_0468.jpg,-0.6133608946316174,-0.3284119771488841,-1.8722283186680506,5.799064359315338,-6.740837231095838,11.667811422789633
frame_0469.jpg,-0.8434335240904042,-0.8340300925257851,-1.2725837414730132,5.291506638205797,-6.968970254821985,11.516916054958429
frame_0470.jpg,-0.49760322018340747,-2.412915469322694,0.5773207946530541,4.604200535917135,-7.514719225423237,11.347101308317988
frame_0471.jpg,-0.4980207752471617,-2.414531717756301,0.5787382484256473,4.6081610468149385,-7.5207135398184,11.356111189394715
frame_0472.jpg,-0.5228203388046356,-3.0738823676457003,0.43716791771365293,3.441830352391719,-7.038533058842055,9.854892775860783
frame_0473.jpg,-0.5226419903751959,-3.075840503797936,0.4380513649035692,3.445082680032185,-7.043565174205316,9.862204563800114
frame_0474.jpg,-0.5227821531295582,-3.0784498002168106,0.43927195782633016,3.447669270473773,-7.048901223820143,9.86938943404142
frame_0475.jpg,-0.5229654979993088,-3.0813305295837417,0.4411720151642793,3.451363270067203,-7.055659297650254,9.878855691054353
frame_0476.jpg,-0.5232466805821798,-3.084009691895801,0.4423525352297758,3.4542361184943235,-7.061492490972305,9.886804215000693
frame_0477.jpg,-0.5235406340332198,-3.0865586624157606,0.4437407987296156,3.4572267541784627,-7.067326050627444,9.89476447530024
frame_0478.jpg,-0.523478001704244,-3.0894024711740893,0.44522409361918364,3.460807951817537,-7.073688424695871,9.903786930264092
frame_0479.jpg,-0.5236798205811412,-3.0927242660415546,0.44699319501217133,3.4639142472579296,-7.0803183338806255,9.912679971406504
frame_0480.jpg,-0.5233886721514674,-3.095178271195166,0.44829511531027355,3.46673938561172,-7.085306328958354,9.91967659324871
frame_0481.jpg,-0.548967492784146,-2.6060932184924024,0.19422004246400476,3.1240369076746193,-6.279097618951167,8.93942645609493
frame_0482.jpg,-0.5492276765742914,-2.6085766594449615,0.1952393246655525,3.1261856945915882,-6.283990030610841,8.94587535864042
frame_0483.jpg,-0.5489034892940023,-2.610261553078465,0.19554573000162034,3.1287284764117884,-6.287893518784256,8.951843955168087
frame_0484.jpg,-0.5490004928981681,-2.6128370223125965,0.1959449093199208,3.1310185692352173,-6.292856084445982,8.958522243658324
frame_0485.jpg,-0.28784049528134,-0.11687746546831476,0.4580346552572632,4.507595901650028,-4.9123138623996825,8.940786557656432
frame_0486.jpg,-0.28806322662195977,-0.11570810643427698,0.45831609057039846,4.511160790722614,-4.914932123778851,8.946200468350103
frame_0487.jpg,-0.28864578449786954,-0.11516612552523156,0.4583592458320237,4.514751412015042,-4.918563322038144,8.952695125758265
frame_0488.jpg,-0.5573401149561031,-0.13290316846748051,-0.0843608282831914,4.643662099723645,-5.333905383147228,9.262648711104822
frame_0489.jpg,-0.558007890263654,-0.13263598452971215,-0.08382333924485799,4.646975773240404,-5.337619648033771,9.269311091873126
frame_0490.jpg,-0.5583168681544788,-0.13241597382128442,-0.08333577806375464,4.650526754770705,-5.341259596746467,9.276134632509034
frame_0491.jpg,-0.5585313623791085,-0.1323263268764993,-0.08257891244226469,4.654133612224785,-5.344991301480392,9.282834700824486
frame_0492.jpg,-0.5592511825847776,-0.13169797733156777,-0.0825427278859919,4.657396210044612,-5.34834536996096,9.289325762639873
frame_0493.jpg,-0.559261127479278,-0.13221217378573016,-0.081817346782044,4.660613735807456,-5.352087037072465,9.295779282596207
frame_0494.jpg,-0.4121546352936475,-0.9106801798869765,-0.2470526888688758,4.718778796704059,-6.0416136118846815,9.992547558815106
frame_0495.jpg,-0.41235194980469203,-0.910330579004407,-0.24646468977689473,4.723806097806334,-6.0464886266154325,10.001566739573711
frame_0496.jpg,-0.41245990335137556,-0.9102715344335602,-0.24653833200849742,4.7269257664891775,-6.049657204274115,10.007246603184786
frame_0497.jpg,-0.41247108137293964,-0.9097794733031412,-0.24605641761984562,4.732559432737846,-6.054809987413925,10.017126397831838
frame_0498.jpg,-0.4125855693171585,-0.909832931111861,-0.2458538192809134,4.737189120254077,-6.059607620683096,10.02550408760318
frame_0499.jpg,-0.4128098775615945,-0.9090616391312636,-0.24591428324033385,4.7420770839681445,-6.063948600661003,10.033977020635266
frame_0500.jpg,-0.4127693414804473,-0.9086043883872361,-0.24553732479580215,4.747001316885529,-6.0683750467532125,10.042405903207406
frame_0501.jpg,-0.412955701532559,-0.9088126186223522,-0.2453367248302046,4.750872616520901,-6.072640936675813,10.049711554647867
frame_0502.jpg,-0.4132895779824575,-0.9083094557415043,-0.24514327633254293,4.755224414562723,-6.076823448286685,10.057335016188402
frame_0503.jpg,-0.41291720300994905,-0.908123186904911,-0.24514932728698494,4.760105907040937,-6.081146296955796,10.065743795486581
frame_0504.jpg,-0.4130703384857657,-0.9073440087949491,-0.2448299079270226,4.765329668094857,-6.085744015375571,10.074609248331084
frame_0505.jpg,-0.41280332366556977,-0.9077399742725126,-0.24464267289642597,4.769348281375434,-6.089891579313517,10.082074714446218
frame_0506.jpg,-0.4128343353707061,-0.9075254820119767,-0.24443593788719778,4.7743146701517984,-6.09467448753448,10.090726967069148
frame_0507.jpg,-0.4127896196926646,-0.9076680816291995,-0.24383011873986582,4.777959544767069,-6.098417246088933,10.09771274261596
frame_0508.jpg,-0.4123418881446719,-0.9064092991346873,-0.24393881381846733,4.7839633710989595,-6.102714558378318,10.107180336637168
frame_0509.jpg,-0.36961940361632045,-0.6954179954482527,-0.1398654096168589,4.569689380842875,-5.6347267799074485,9.421807188379448
frame_0510.jpg,-0.4072430151301817,-1.0930170364104836,-0.0655341396326135,4.338414791256082,-5.838674842796747,9.408011450284494
frame_0511.jpg,-0.4053180419615259,-1.0918879245059676,-0.0660992997105842,4.3490875340465065,-5.846293500513999,9.424865404030031
frame_0512.jpg,-0.4842380068428664,-0.22568777703744117,-0.17252439369092226,3.932644731084863,-4.642570514965171,7.889399660517822
frame_0513.jpg,-0.8118752217118254,0.3746909809736178,-0.37791603116785366,4.032262826389004,-4.469447067127212,7.935330061620022
frame_0514.jpg,-0.8116153662543881,0.3758562330256931,-0.37916866254271525,4.036376979882437,-4.472136113111133,7.9415546818784115
frame_0515.jpg,-0.8113081807749764,0.3772298278812747,-0.3792645197660849,4.041899545476871,-4.475977898370572,7.949880970405458
frame_0516.jpg,-0.8115369946992155,0.3790726499517439,-0.38024506185736273,4.046737185072591,-4.479201529820063,7.957206980521732
frame_0517.jpg,-0.6114001364668497,-1.7974418446629843,0.6589364329920955,3.589730208302409,-5.9985721894322435,8.919269713024116
frame_0518.jpg,-0.6113886415972878,-1.7972944346867126,0.6591768028049428,3.590033434200425,-5.998716510484425,8.919693846185217
frame_0519.jpg,-0.6110207298984836,-1.7973957142430246,0.6591211696624868,3.5905230554031653,-5.998939499544673,8.92024636168636
frame_0520.jpg,-0.610966830581392,-1.7974248783242803,0.6586944857408068,3.590537234832616,-5.998928943738289,8.920278846436043
frame_0521.jpg,-0.6110805876588778,-1.7974368598754416,0.6589824944095707,3.590705047478427,-5.999222495012746,8.92069235460157
frame_0522.jpg,-0.6113564406807412,-1.7971661178101652,0.6588580949854992,3.590479622803424,-5.999002181294331,8.920334282268078
frame_0523.jpg,-0.6114907259706657,-1.797069987871883,0.6587959587366595,3.590781834268361,-5.999342548110908,8.920911429180302
frame_0524.jpg,-0.611128081313916,-1.797365434258908,0.6591224108428032,3.590597840465897,-5.999091356038721,8.920417851575907
frame_0525.jpg,-0.6110639642796132,-1.7970647243406714,0.6588530968830751,3.5909637894793667,-5.9990924780996515,8.920854785205544
